name,phone,address,email,birthday,name_roomno,name_company
Amir Hansen,1656070337399,"P.O. Box 262, 5457 Risus. Avenue",enim@euenimEtiam.com,15-09-90,A45,Non Nisi Aenean Inc.
Yoshio Rocha,1625041053299,Ap #834-6992 Aenean Road,tincidunt.congue.turpis@ac.co.uk,08-07-63,A11,Id Erat Etiam Limited
Wallace Wilson,1616101050799,2043 Leo. Ave,semper.et@Duisvolutpatnunc.org,08-05-62,F5,Lacus Ut Nec Inc.
Richard Orr,1603020809399,8021 Odio Av.,convallis.in.cursus@semper.org,14-08-00,A23,Suspendisse Non Leo Ltd
Cyrus Sanders,1617112638899,"P.O. Box 157, 7637 Nullam Rd.",Cras@id.ca,14-03-92,F5,Feugiat Ltd
Hamish Leach,1615110662799,"630-9093 In, Rd.",nunc.interdum@Suspendissenonleo.net,21-04-84,A23,Nec Malesuada Ut Incorporated
Benjamin Underwood,1660031891399,128-3524 Nullam Av.,non.egestas.a@semegestasblandit.com,06-10-93,B47,Sed Sapien Nunc LLP
Marsden Durham,1651022753999,5327 Libero. St.,mauris@Nunc.net,16-03-44,E21,Eget Odio Aliquam LLC
Caldwell Dotson,1641030922299,Ap #671-7242 Elit. Street,consectetuer@necquamCurabitur.com,19-03-67,A11,Sit Ltd
Alden Battle,1638060592999,6322 Nunc. Avenue,lectus.Cum.sociis@aliquet.ca,24-05-93,A23,Donec Consectetuer Mauris Industries
William Dickerson,1686063049599,780-3990 Mauris Street,et.netus@sempercursus.edu,03-09-45,D35,Sed Congue Consulting
Barry Lynch,1604011833199,897-2558 Purus Ave,hendrerit.id@ultricesaauctor.edu,05-03-72,C19,Urna Institute
Timothy Booker,1691050537499,"P.O. Box 895, 4071 Venenatis St.",Donec@quismassa.edu,13-08-60,D13,Dictum Augue Ltd
Nathan Gardner,1623031842699,"577-5256 Non, Ave",sodales@ullamcorper.net,10-05-56,C15,Praesent Luctus LLP
Otto Herman,1691022393199,630-1167 Neque. Ave,Vestibulum.accumsan@feugiatnec.com,19-04-45,C41,Neque Nullam Ut Industries
Joel Acosta,1648022005299,343-1172 Luctus Avenue,arcu@at.co.uk,10-09-73,A29,Quis Accumsan LLC
Merrill Bradford,1640110171299,"P.O. Box 517, 3183 Cursus, St.",Mauris@aliquetmagna.co.uk,18-03-90,C19,Lacus Associates
Ezra Woodward,1659091182899,3583 Rutrum Ave,Nulla.tincidunt.neque@estac.ca,28-08-81,F5,Massa Company
Kirk Richards,1643051937599,Ap #630-9396 Rhoncus. Rd.,quis@mollisDuis.edu,24-08-81,A45,Ac LLP
Kato West,1686102926799,Ap #726-6722 Felis Rd.,interdum@Phasellus.edu,24-04-64,A39,Sed Neque Corp.
Rafael Farley,1624042453299,"P.O. Box 199, 8257 Eu St.",accumsan@Namtempor.edu,02-01-58,B17,Mauris Ipsum Porta Ltd
Kane Leon,1623110427899,"P.O. Box 793, 8254 Nulla Av.",Sed@Quisquenonummy.ca,16-02-40,B31,Eleifend Limited
Wade Kane,1628122458499,5655 Tortor. St.,ridiculus@aultricies.net,13-11-73,A11,Eros Nam Consequat Institute
Gage Burris,1604120958799,Ap #564-4754 In St.,habitant.morbi.tristique@mi.edu,31-03-64,B43,Adipiscing LLC
Emery Wyatt,1645080695299,Ap #326-9470 Eget Street,molestie.Sed@malesuadavel.ca,20-12-40,B43,Cursus Purus PC
Alvin Richmond,1616091744199,"P.O. Box 108, 8348 Fusce St.",congue@egestas.ca,14-05-62,E37,Augue PC
Elmo Clemons,1627040441799,Ap #975-3616 Blandit Rd.,id.sapien.Cras@dictum.ca,07-01-58,D35,Mauris Non Dui Inc.
Keefe Thornton,1684061224599,"P.O. Box 401, 6119 Vehicula Rd.",ullamcorper@pharetra.net,05-10-95,D9,Quisque Consulting
Damian Stein,1624051230799,3457 Justo. St.,mauris.blandit@nulla.org,15-08-59,C19,Arcu Iaculis Ltd
Clarke Hoffman,1676102637499,3130 Mauris Street,rutrum@sed.net,28-03-74,B31,Dolor Nulla Semper Institute
Denton Mason,1675112140799,Ap #459-2381 Lorem Av.,dapibus@sed.com,19-10-92,F33,Volutpat PC
Clark Clemons,1692070839399,776-8906 Velit Road,fermentum.vel@Quisque.net,03-05-91,C7,Dui Semper Et Company
Damian Weeks,1687082411999,"P.O. Box 514, 3240 Diam. St.",et.rutrum.eu@imperdietnecleo.ca,27-10-85,A11,Nec Euismod Foundation
Odysseus Banks,1694070501099,"P.O. Box 208, 3350 Ultricies Avenue",ac@feugiatmetus.net,02-03-41,B17,Leo Elementum Associates
Garrett Price,1629122241699,"P.O. Box 771, 3594 Ligula Street",eget.volutpat.ornare@Cras.org,04-09-86,C41,Pede Industries
Aladdin Marks,1661040858399,5072 Ullamcorper. Rd.,metus.Aenean.sed@facilisislorem.org,14-03-96,C41,Convallis Ligula Donec Ltd
Malik Beard,1618042339199,"P.O. Box 782, 9578 Massa. Street",ultrices@Integer.com,21-11-56,C7,Aenean Eget Consulting
Steven Hunt,1697120427099,"P.O. Box 110, 1341 Pellentesque. St.",arcu@velitSedmalesuada.org,17-07-79,B47,Ad Litora PC
Edward Mcknight,1670092953399,6372 Enim. Ave,vel.venenatis@pede.edu,03-01-58,C41,Augue Eu Tempor Industries
Steven Howell,1675030796299,Ap #484-4831 Nunc Avenue,vestibulum.massa@ante.ca,24-09-48,B27,Pede Inc.
Hoyt Cobb,1613050221799,9725 Id Street,quis@telluseu.com,11-03-75,A11,Odio Sagittis Incorporated
Drake Crawford,1686102517299,271-3402 Dolor Road,lacinia.vitae@pellentesque.co.uk,28-04-93,E37,Pellentesque Associates
Igor Mcdaniel,1602060645999,537-6063 Sit Ave,facilisis.eget.ipsum@euerat.edu,15-01-78,A11,A Corp.
Talon Buchanan,1611052217499,"9422 Dui, Street",luctus.ipsum@in.com,25-10-74,F5,Vehicula Et LLP
Dillon Massey,1650101040099,Ap #602-1772 Mi St.,non@orciquis.edu,26-11-54,C49,Eget Institute
Cairo Hughes,1681070815599,"P.O. Box 749, 503 Sem. Av.",ridiculus@euismod.net,03-08-62,B31,Cum Sociis Ltd
Shad Garrett,1601032183199,687-9346 Ut Road,posuere@SuspendisseeleifendCras.edu,15-06-92,B43,A Malesuada Associates
Nash Nunez,1648032314099,"P.O. Box 916, 2927 Malesuada Rd.",ultricies@ipsumdolor.com,29-09-79,C7,Dolor LLP
Zeus Vincent,1669011482499,6595 Ante St.,cursus@in.com,04-02-62,F33,Dignissim Tempor Arcu Industries
Kennedy Reed,1675022613099,9521 Pede St.,varius.ultrices.mauris@Mauris.ca,17-08-40,B3,Ligula Aenean Foundation
Dillon Coffey,1633070374899,260-6731 Conubia Street,interdum@Aliquam.net,22-01-98,C49,Aenean Eget Metus Foundation
Rooney Collins,1661071850499,Ap #825-877 Nisi St.,molestie@turpisNullaaliquet.com,25-04-59,B27,Et Magnis Foundation
Ivan Haynes,1661011340999,280-138 Ac Rd.,sit.amet.risus@sed.ca,06-09-62,C49,Odio Etiam Ltd
Blake Clemons,1659022007899,6918 Magna. Ave,Duis.cursus.diam@porttitorvulputateposuere.net,23-04-76,B43,Porttitor Eros Consulting
Thaddeus Mcconnell,1659091161299,641-6441 Orci. Av.,tempus@Namconsequat.co.uk,30-03-70,B17,Vestibulum Mauris Magna LLC
Brenden Blanchard,1606090562199,"P.O. Box 573, 579 Ac Avenue",enim.nec@acfacilisis.co.uk,28-04-81,D13,Ut Lacus Nulla Corporation
Hop Sexton,1690052100399,709-3279 Pede Ave,adipiscing@aliquet.com,13-01-54,A39,Magna Inc.
Hamilton Garrison,1698102882299,"1663 Ut, Ave",lorem@Maecenasiaculisaliquet.com,10-04-60,E21,Ut Pharetra Corporation
Thomas Levy,1690041148599,Ap #822-6882 Fermentum Rd.,consectetuer.adipiscing@aliquam.ca,25-06-71,A39,Eu Augue Corp.
Merritt Goodwin,1655101736099,9793 Faucibus. Rd.,cursus@penatibusetmagnis.edu,01-04-77,A1,Ornare Egestas Consulting
Xavier Pena,1624051859099,9322 Tellus St.,vitae.diam@Nulla.edu,11-04-61,B43,Ultrices LLP
Harrison Kaufman,1696070538899,Ap #144-4080 Erat Ave,in.lobortis.tellus@nulla.ca,02-02-93,D9,Lorem Auctor Quis Consulting
Jesse Mckay,1689012892799,864-4240 Amet Road,placerat.eget@massanon.edu,02-08-60,C41,Ipsum Institute
Axel Strickland,1682020653699,Ap #278-2780 Duis Avenue,orci@Aliquameratvolutpat.co.uk,07-01-68,C19,Massa Rutrum Corporation
Curran House,1683092034099,"326-663 Dolor, Rd.",Sed.nulla.ante@Nulla.com,09-03-00,F5,Tortor Nibh Sit Institute
Erasmus Mathews,1616060149099,"P.O. Box 897, 3068 Enim. St.",mi.tempor.lorem@etmagnis.com,14-09-86,C49,Ligula Incorporated
Fletcher Paul,1692052057399,"P.O. Box 473, 6914 Ac Road",metus.In@estmauris.ca,10-07-44,E21,Phasellus Dolor Company
Brandon Koch,1694100661499,Ap #659-5552 Egestas. St.,elit.Aliquam.auctor@fringillami.com,03-10-81,F5,Cursus Inc.
Allistair Patrick,1651090374499,"1288 Erat, Ave",id@nonummyipsum.co.uk,13-08-45,C19,Luctus Ut Institute
Kasper Henderson,1651121390099,393 Velit. St.,ligula.Nullam.feugiat@luctus.ca,29-10-73,B17,Sit Amet Corp.
Gareth Strong,1687021307799,"P.O. Box 616, 5772 Metus. Ave",purus.Duis.elementum@dignissimmagnaa.org,12-10-42,C19,Cum Sociis Natoque Foundation
Isaiah Hernandez,1691091807499,Ap #640-2452 Vestibulum Street,enim@eumetus.org,27-09-55,E37,Consectetuer Adipiscing Institute
Myles Gomez,1661090991599,1035 A Ave,ac@etmagna.edu,04-02-46,C7,Suspendisse Consulting
Martin Carrillo,1684113046999,1901 Sit Road,hendrerit@mipedenonummy.org,04-07-46,A39,Eu Tellus Phasellus Consulting
Alfonso Burnett,1628110194299,Ap #198-4015 Ac St.,iaculis@at.com,25-07-71,C15,Tempor Diam Dictum Ltd
Rigel Espinoza,1633121365999,Ap #634-7392 Justo Rd.,ipsum.Suspendisse@tortoratrisus.edu,17-10-77,D13,Diam Lorem Auctor Incorporated
Thane Maxwell,1675070230299,"P.O. Box 869, 4839 Vitae St.",Donec.dignissim@risusDonec.org,19-02-74,A45,Feugiat Non Associates
Price Cox,1697100271499,619 Amet Road,erat.volutpat@vellectus.edu,02-09-47,A45,Diam Duis Mi Limited
Lionel Stevens,1648080248799,6745 Bibendum St.,nisl.Maecenas.malesuada@neque.org,30-12-70,E37,Ut Lacus Incorporated
Kelly Lee,1601120414799,6069 Cras Street,sapien@erat.co.uk,30-10-48,B27,A Tortor Nunc Ltd
Aladdin Lambert,1649032840299,Ap #975-5741 Ut Road,et.rutrum@necmalesuadaut.edu,13-04-66,A45,Pede Consulting
Boris Burks,1693040304099,Ap #472-1825 Duis Ave,ad.litora@lorem.org,18-01-44,B17,Dolor Ltd
Hayden Frye,1690012045799,645-7059 Nonummy Av.,arcu.Nunc@euduiCum.com,23-07-98,A39,Dictum Company
Alfonso Barker,1625120913599,"P.O. Box 699, 115 Eu Av.",dictum@iaculis.net,04-09-38,A25,Aliquam Rutrum Lorem Industries
Caesar Donaldson,1677040712199,553-8979 Scelerisque St.,lobortis@lacusQuisque.co.uk,07-12-99,A1,Scelerisque Lorem Ipsum Institute
Dean Foreman,1692032498799,"P.O. Box 112, 7908 Purus. Av.",risus.Duis@mus.org,21-06-56,C19,Mi Incorporated
Cruz Simmons,1632072055499,"P.O. Box 267, 1909 Suspendisse Avenue",ultricies.dignissim.lacus@sapienNuncpulvinar.co.uk,17-04-82,B17,Ipsum Limited
Fletcher Rodgers,1627042235299,276-3092 Scelerisque Rd.,Quisque.purus.sapien@penatibusetmagnis.edu,19-04-73,A23,Eget Foundation
Jared Keith,1615062238299,726-6900 Eu Ave,sed.dictum.eleifend@Fuscemollis.ca,23-04-78,E37,Vestibulum Ante Ipsum Associates
Kieran Barrera,1652122283699,4644 Nullam Rd.,Donec.est@ornareInfaucibus.com,11-05-89,F5,Eleifend Cras Inc.
Forrest Knight,1658081023499,447-6684 Neque Street,facilisi@semperauctorMauris.com,20-12-79,C49,Adipiscing Non Ltd
Hayes Knapp,1699121838399,Ap #551-9018 Aliquam Rd.,non@FuscemollisDuis.co.uk,18-09-64,F33,Vitae Diam Limited
Robert Sullivan,1629040618399,"Ap #325-8564 Fringilla, Avenue",pharetra@Etiambibendum.co.uk,02-08-47,B43,Donec Porttitor Tellus Corporation
Ralph Cleveland,1648081645799,7778 Ipsum Rd.,Mauris.quis.turpis@dapibus.org,14-04-47,C19,Molestie Sodales Corp.
Christopher Allen,1639010844699,"P.O. Box 600, 1137 Mauris St.",Nunc@elit.edu,16-01-56,E21,Massa Vestibulum Accumsan Limited
Clayton Jacobs,1646110592399,1238 Penatibus Av.,venenatis@sit.org,13-02-87,A23,Aliquam Corp.
Macon Barker,1699110851399,"P.O. Box 487, 5002 At Av.",parturient@ultricesVivamusrhoncus.ca,02-01-85,C19,Adipiscing Foundation
Boris Jennings,1668090431299,"P.O. Box 983, 6526 Imperdiet Avenue",magna@urnaNullam.org,15-11-95,A25,Nec Associates
Nissim Burt,1603011950899,"773-1476 Vulputate, Rd.",ipsum@ultriciesdignissimlacus.co.uk,01-04-42,A23,Dictum Foundation
Melvin Kennedy,1641090380299,Ap #204-9438 Curabitur Rd.,luctus@nulla.com,23-07-64,A11,Habitant Morbi LLC