name,phoneNo,address,email,birthday
Devin Guy,001-816-8180,986-6807 Volutpat Avenue,dapibus.gravida.Aliquam@ligulatortor.net,20-02-20
Brandon Burt,019-567-4798,"P.O. Box 789, 4178 Ut Road",Fusce.aliquam.enim@fermentummetusAenean.org,11-03-19
Linus Morrison,030-059-9325,"P.O. Box 818, 4921 Nascetur Av.",sed@nibhDonecest.ca,15-08-18
Yasir Alford,067-180-4150,298-8513 Aenean Avenue,fringilla@Aliquam.net,27-03-19
Sebastian Schwartz,021-378-3064,692-2959 Ac Rd.,et.malesuada.fames@velsapien.org,15-01-20
Raphael Campos,063-673-0735,"P.O. Box 225, 7035 Consequat Street",libero.mauris.aliquam@necurnaet.org,26-04-19
Timon Wilder,038-373-4259,"P.O. Box 464, 612 Duis Rd.",ac.urna@facilisisfacilisis.edu,08-03-20
Brendan Williamson,009-450-2612,3189 Dolor Rd.,dictum.augue@diamat.ca,08-07-20
Ray Sampson,033-355-7732,Ap #565-421 In Ave,tellus.imperdiet@sed.com,29-05-20
Baker Kennedy,027-612-5247,"P.O. Box 983, 7334 Sodales St.",Nulla@erat.org,12-02-19
Arden Salazar,003-502-2417,"P.O. Box 866, 1639 Nam Street",dui@rutrumnon.com,27-04-19
Marshall Mckinney,014-090-0497,4527 Mi Road,adipiscing.elit@vitaesodales.org,30-08-19
Holmes Hardin,021-681-8782,9816 Arcu. St.,hendrerit@porttitorscelerisque.edu,17-05-20
Randall Brady,008-238-9146,3305 Dui. Av.,aliquet@acmattis.ca,29-12-19
Fuller James,071-727-3191,Ap #811-5132 Erat Rd.,ipsum@idnunc.edu,13-09-18
Declan Barrett,001-072-7086,678-5683 Et Rd.,ante@rhoncusid.org,19-03-20
Francis Reyes,009-854-9605,"6281 Pede, Ave",erat.semper@Quisque.com,23-05-20
Dolan Wilson,020-685-2920,"P.O. Box 669, 5309 Facilisis. Street",lobortis.nisi@Integersem.edu,09-03-20
Knox Parsons,049-422-4762,702-9049 Enim Avenue,nec@Crasinterdum.edu,15-05-19
Leroy Soto,066-774-0137,846-973 Id Av.,Nulla.aliquet.Proin@convallis.com,05-10-18
Devin Dejesus,063-463-3868,2384 Neque. Av.,montes.nascetur@etmagnisdis.edu,25-11-18
Thor Rutledge,078-287-0597,Ap #620-5232 Velit. Rd.,nisi.Mauris.nulla@ac.ca,16-05-19
Abbot Byers,035-387-3826,Ap #688-291 Penatibus St.,Nullam@neccursusa.ca,12-05-19
Porter Boyer,099-911-5792,"P.O. Box 542, 1089 Dolor. St.",Phasellus@tempusnonlacinia.edu,15-08-18
Simon Stone,002-061-0162,Ap #322-2440 Cras Av.,dignissim.magna@vel.co.uk,02-02-19
Rudyard Mcknight,007-589-4061,Ap #971-8967 Nulla Av.,nec.ante@auctorMauris.net,20-03-20
Brady Pearson,085-279-1254,6797 A Rd.,feugiat@Aliquam.com,05-11-19
Orson Bradley,057-272-9720,Ap #867-6040 Nunc Ave,velit@enimCurabitur.org,08-03-19
Avram Kirkland,060-931-8509,"P.O. Box 405, 988 Porttitor Ave",elit.erat@disparturientmontes.co.uk,08-07-20
Rigel Robles,004-393-3845,550-6155 Pharetra Av.,enim.condimentum@dui.org,12-08-19
Lyle Petersen,091-709-5818,Ap #386-9039 Dis Rd.,habitant.morbi@est.edu,14-05-20
Geoffrey Mclean,089-660-0014,"P.O. Box 153, 5539 Non Road",auctor.quis@egetdictum.ca,18-09-19
Cadman Hogan,094-819-0592,858-6120 Lectus. Rd.,vitae.semper@at.edu,12-05-20
Kirk Pitts,033-292-3181,"Ap #261-2663 Ornare, Street",Fusce.dolor.quam@magnaUttincidunt.net,17-06-19
Nolan Thompson,015-798-9755,"Ap #371-1352 Eu, Ave",imperdiet.non.vestibulum@pharetraNamac.edu,19-01-20
Zachery Mooney,010-486-8733,8623 Fusce Rd.,cursus@massaMaurisvestibulum.co.uk,27-12-18
Tyrone Franklin,069-498-4373,Ap #855-1503 Euismod Rd.,a.purus.Duis@id.ca,16-11-19
David Tyler,060-972-5008,279-3912 Ultricies St.,Sed@dolorFusce.net,23-09-19
Samson Dixon,089-987-2089,"P.O. Box 626, 8150 Urna Rd.",id@ipsumcursus.ca,19-06-19
Wayne Parks,009-753-5359,612-169 Amet Rd.,at@imperdietornare.ca,31-12-19
Logan Moon,026-827-0633,Ap #990-1611 Mi Rd.,porttitor.eros.nec@suscipit.ca,27-06-19
Dean Cortez,014-128-8933,550-5809 Quisque Road,in.magna.Phasellus@fermentumrisusat.net,17-08-19
Garrison Nielsen,054-836-4371,"P.O. Box 663, 8407 Auctor, Road",risus@nostraperinceptos.org,25-01-20
Trevor Evans,014-572-5681,Ap #599-2542 Velit Rd.,ligula@Nuncsollicitudin.net,31-03-20
Castor English,081-429-3464,6284 Hendrerit Av.,In.mi.pede@ligulaNullamenim.org,22-04-20
Scott Pennington,005-449-8666,Ap #629-8968 Quis Road,litora.torquent@erat.ca,18-08-19
Robert Mcdaniel,008-452-1992,Ap #449-7277 Ultricies Avenue,et.rutrum@gravidamauris.ca,19-08-19
Nissim Hyde,044-419-9814,652-8169 Fringilla Street,Proin.non.massa@vestibulumneceuismod.co.uk,14-06-20
Evan Boyer,010-770-0027,"193-5036 Et, Av.",amet@rutrum.net,20-06-20
Ali Owen,042-216-9305,"840-658 In, St.",dignissim.pharetra@vehicula.ca,17-10-19
Luke Dunn,088-348-4276,309 Duis Street,enim@lacusQuisque.edu,23-11-19
Dane Tanner,073-073-9395,"P.O. Box 221, 2203 Quam Rd.",convallis.in@temporerat.edu,04-02-19
Dominic Terrell,005-165-6229,"840-9554 Nec, Road",sem.consequat@lobortis.net,20-06-19
Ross Mendez,041-429-8673,Ap #354-7231 Proin Avenue,in@metus.org,05-09-18
Abbot Mccall,031-134-2746,687-9250 Tellus. Av.,et.netus.et@egestasrhoncusProin.ca,06-03-19
Odysseus Pickett,069-442-7590,Ap #325-3001 Quisque Rd.,et.tristique@nequeInornare.org,17-05-19
Caleb Rosa,062-292-4101,Ap #889-2729 Curabitur St.,Nam.porttitor@egetodioAliquam.edu,23-05-19
Lester Sweet,013-391-2810,365-8869 Nunc Av.,a@arcu.net,29-09-18
Vladimir Vargas,015-301-3634,Ap #634-6295 Vestibulum Road,dolor.dapibus.gravida@magna.ca,24-02-19
Tobias Briggs,045-309-6553,1885 Eu St.,eget@Proin.ca,06-07-20
David Fleming,012-761-8738,"Ap #598-4951 Iaculis, Ave",Ut.semper@egestas.org,05-08-18
Bernard Cortez,080-553-6347,"P.O. Box 906, 4685 At Street",nisi.Cum@dolor.org,07-09-19
Gage Benton,045-091-7159,"852 Amet, Road",bibendum@urnaet.net,06-01-19
Byron Bullock,043-399-4769,"P.O. Box 620, 1707 Eleifend St.",risus.varius.orci@nullamagna.ca,10-08-18
Zachary Bryan,065-133-2551,Ap #478-4906 Viverra. Ave,mollis@atvelitCras.org,12-01-20
Reuben Hyde,053-600-3332,Ap #938-156 Integer Street,metus.Aliquam.erat@gravidaAliquam.net,28-04-20
Ahmed Bradford,034-796-1866,3448 Sagittis Avenue,purus@aliquameu.edu,19-09-19
Berk May,061-741-5796,911-1347 Enim. Road,Aenean.egestas.hendrerit@vulputaterisus.org,27-04-20
Ryder Moon,026-492-0562,Ap #911-5310 Donec Street,lorem.semper@Aliquamnecenim.co.uk,13-12-18
Oliver Holden,055-554-4528,Ap #991-7364 Libero Av.,tempor.arcu.Vestibulum@ipsum.net,10-12-19
Samuel Mcleod,076-821-9723,"P.O. Box 662, 7568 Non Ave",ipsum@orciluctuset.org,16-11-19
Armand King,099-394-8624,Ap #114-5268 Eu St.,ipsum.dolor@nibhvulputate.edu,30-06-19
Graiden Sheppard,010-869-7405,Ap #752-8290 Egestas St.,nunc@lacusAliquamrutrum.com,22-11-18
Kareem Chapman,047-740-6176,5714 Duis Rd.,penatibus@lectus.edu,01-05-19
Keane Barton,072-884-8683,187-8457 Justo Road,at.pretium.aliquet@quamPellentesque.org,08-05-19
Marvin Nixon,074-310-2464,Ap #792-8952 Dui Av.,sodales.Mauris.blandit@Aenean.edu,25-05-19
Murphy Waters,009-389-7813,Ap #791-9945 Justo St.,sit.amet@semperegestas.edu,04-03-20
Brock Sanford,025-248-8836,"P.O. Box 466, 6250 Et, Av.",et.commodo@semmagnanec.net,25-11-19
Rigel Tillman,080-603-1059,Ap #745-4538 Arcu. Avenue,Vivamus.molestie.dapibus@vitaeodiosagittis.co.uk,22-07-19
Hoyt Barton,026-357-7613,9570 Maecenas Rd.,iaculis.nec.eleifend@fermentumrisusat.org,31-03-19
Vincent Wall,024-855-7868,2518 Phasellus Av.,dolor.Nulla.semper@Morbisitamet.co.uk,09-07-20
Logan Shaffer,036-207-7433,6656 Morbi St.,nec@orcisem.com,11-09-18
Rashad Foley,008-896-6109,"P.O. Box 751, 4058 Integer Road",cursus@anuncIn.org,11-02-20
Blake Hines,073-146-8191,Ap #857-7028 Pede. Ave,netus.et@quispedeSuspendisse.co.uk,06-01-19
Dolan Carey,027-444-2308,Ap #274-515 Blandit Rd.,dui.in@diamdictum.co.uk,29-01-19
Gannon Hendricks,025-875-9877,Ap #828-3648 Magna Rd.,vulputate.lacus.Cras@Aenean.edu,16-02-20
John Fletcher,034-751-3818,543-3040 Malesuada Av.,sem@ornare.com,31-07-19
Ethan Dalton,020-845-4951,Ap #828-2301 Sed Street,et.libero.Proin@massa.ca,05-08-19
Lane Duran,007-367-5849,Ap #183-9430 Cras St.,ac.eleifend@dolor.co.uk,01-04-20
Keegan Oneil,084-966-7765,852-5148 Nunc St.,consequat.auctor@SednequeSed.ca,06-09-19
Denton Gallegos,035-164-0672,Ap #968-8408 Dolor. Rd.,sit.amet.faucibus@sitametrisus.org,28-07-18
James Fitzgerald,046-921-9104,Ap #747-627 Urna. Ave,adipiscing.enim.mi@mauris.ca,04-02-19
Ivor Mckee,029-524-9817,"P.O. Box 267, 9952 Tempus St.",Phasellus.ornare@odioAliquam.edu,23-03-20
Jelani Phelps,056-686-8270,882-4769 Phasellus Avenue,Vivamus@ametrisusDonec.com,26-11-18
Dale Richard,010-911-8363,"P.O. Box 864, 7981 Morbi St.",imperdiet.dictum@lorem.org,19-04-19
Hunter Munoz,072-052-2678,3726 Vestibulum. St.,neque.Nullam@Fuscealiquamenim.ca,09-01-20
Brody Estes,030-629-5681,171-4972 A Av.,commodo.hendrerit.Donec@condimentum.edu,30-10-19
Hayes Harvey,061-068-9875,890-5346 Ligula Avenue,non@non.net,11-05-19
Demetrius Jackson,093-012-5048,"P.O. Box 939, 7209 Nam Rd.",urna.Vivamus@facilisisegetipsum.net,08-02-19
Eagan Marks,089-052-7141,431 Neque. St.,id.enim@lobortisnisi.edu,31-10-18